source_dataset,source_file,id,match_number,stage_id,stage_name,stage_order,match_label,home_team_id,home_team_name,home_team_code,home_group_letter,home_is_placeholder,away_team_id,away_team_name,away_team_code,away_group_letter,away_is_placeholder,city_id,city_name,country,venue_name,region_cluster,airport_code,kickoff_at
areezvisram12/fifa-world-cup-2026-match-data-unofficial,matches.csv,73,73,2,Round of 32,2,2A vs 2B,,,,,,,,,,,6,Los Angeles,USA,SoFi Stadium,West,LAX,2026-06-28 15:00:00-07
areezvisram12/fifa-world-cup-2026-match-data-unofficial,matches.csv,74,74,2,Round of 32,2,1C vs 2F,,,,,,,,,,,4,Houston,USA,NRG Stadium,Central,IAH,2026-06-29 13:00:00-05
areezvisram12/fifa-world-cup-2026-match-data-unofficial,matches.csv,75,75,2,Round of 32,2,1E vs 3ABCDF,,,,,,,,,,,2,Boston,USA,Gillette Stadium,East,BOS,2026-06-29 16:30:00-04
areezvisram12/fifa-world-cup-2026-match-data-unofficial,matches.csv,76,76,2,Round of 32,2,1F vs 2C,,,,,,,,,,,16,Monterrey,Mexico,Estadio BBVA,Central,MTY,2026-06-29 21:00:00-06
areezvisram12/fifa-world-cup-2026-match-data-unofficial,matches.csv,77,77,2,Round of 32,2,2E vs 2I,,,,,,,,,,,3,Dallas,USA,AT&T Stadium,Central,DAL,2026-06-30 13:00:00-05
areezvisram12/fifa-world-cup-2026-match-data-unofficial,matches.csv,78,78,2,Round of 32,2,1I vs 3CDFGH,,,,,,,,,,,8,New York/New Jersey,USA,MetLife Stadium,East,EWR,2026-06-30 17:00:00-04
areezvisram12/fifa-world-cup-2026-match-data-unofficial,matches.csv,79,79,2,Round of 32,2,1A vs 3CEFHI,,,,,,,,,,,15,Mexico City,Mexico,Estadio Azteca,Central,MEX,2026-06-30 21:00:00-06
areezvisram12/fifa-world-cup-2026-match-data-unofficial,matches.csv,80,80,2,Round of 32,2,1L vs 3EHIJK,,,,,,,,,,,1,Atlanta,USA,Mercedes-Benz Stadium,East,ATL,2026-07-01 12:00:00-04
areezvisram12/fifa-world-cup-2026-match-data-unofficial,matches.csv,81,81,2,Round of 32,2,1G vs 3AEHIJ,,,,,,,,,,,11,Seattle,USA,Lumen Field,West,SEA,2026-07-01 16:00:00-07
areezvisram12/fifa-world-cup-2026-match-data-unofficial,matches.csv,82,82,2,Round of 32,2,1D vs 3BEFIJ,,,,,,,,,,,10,San Francisco Bay Area,USA,Levi's Stadium,West,SFO,2026-07-01 20:00:00-07
areezvisram12/fifa-world-cup-2026-match-data-unofficial,matches.csv,83,83,2,Round of 32,2,1H vs 2J,,,,,,,,,,,6,Los Angeles,USA,SoFi Stadium,West,LAX,2026-07-02 15:00:00-07
areezvisram12/fifa-world-cup-2026-match-data-unofficial,matches.csv,84,84,2,Round of 32,2,2K vs 2L,,,,,,,,,,,12,Toronto,Canada,BMO Field,East,YYZ,2026-07-02 19:00:00-04
areezvisram12/fifa-world-cup-2026-match-data-unofficial,matches.csv,85,85,2,Round of 32,2,1B vs 3EFGIJ,,,,,,,,,,,13,Vancouver,Canada,BC Place,West,YVR,2026-07-02 23:00:00-07
areezvisram12/fifa-world-cup-2026-match-data-unofficial,matches.csv,86,86,2,Round of 32,2,2D vs 2G,,,,,,,,,,,3,Dallas,USA,AT&T Stadium,Central,DAL,2026-07-03 14:00:00-05
areezvisram12/fifa-world-cup-2026-match-data-unofficial,matches.csv,87,87,2,Round of 32,2,1J vs 2H,,,,,,,,,,,7,Miami,USA,Hard Rock Stadium,East,MIA,2026-07-03 18:00:00-04
areezvisram12/fifa-world-cup-2026-match-data-unofficial,matches.csv,88,88,2,Round of 32,2,1K vs 3DEIJL,,,,,,,,,,,5,Kansas City,USA,Arrowhead Stadium,Central,MCI,2026-07-03 21:30:00-05
areezvisram12/fifa-world-cup-2026-match-data-unofficial,matches.csv,89,89,3,Round of 16,3,W73 vs W75,,,,,,,,,,,4,Houston,USA,NRG Stadium,Central,IAH,2026-07-04 13:00:00-05
areezvisram12/fifa-world-cup-2026-match-data-unofficial,matches.csv,90,90,3,Round of 16,3,W74 vs W77,,,,,,,,,,,9,Philadelphia,USA,Lincoln Financial Field,East,PHL,2026-07-04 17:00:00-04
areezvisram12/fifa-world-cup-2026-match-data-unofficial,matches.csv,91,91,3,Round of 16,3,W76 vs W78,,,,,,,,,,,8,New York/New Jersey,USA,MetLife Stadium,East,EWR,2026-07-05 16:00:00-04
areezvisram12/fifa-world-cup-2026-match-data-unofficial,matches.csv,92,92,3,Round of 16,3,W79 vs W80,,,,,,,,,,,15,Mexico City,Mexico,Estadio Azteca,Central,MEX,2026-07-05 20:00:00-06
areezvisram12/fifa-world-cup-2026-match-data-unofficial,matches.csv,93,93,3,Round of 16,3,W83 vs W84,,,,,,,,,,,3,Dallas,USA,AT&T Stadium,Central,DAL,2026-07-06 15:00:00-05
areezvisram12/fifa-world-cup-2026-match-data-unofficial,matches.csv,94,94,3,Round of 16,3,W81 vs W82,,,,,,,,,,,11,Seattle,USA,Lumen Field,West,SEA,2026-07-06 20:00:00-07
areezvisram12/fifa-world-cup-2026-match-data-unofficial,matches.csv,95,95,3,Round of 16,3,W86 vs W88,,,,,,,,,,,1,Atlanta,USA,Mercedes-Benz Stadium,East,ATL,2026-07-07 12:00:00-04
areezvisram12/fifa-world-cup-2026-match-data-unofficial,matches.csv,96,96,3,Round of 16,3,W85 vs W87,,,,,,,,,,,13,Vancouver,Canada,BC Place,West,YVR,2026-07-07 16:00:00-07
areezvisram12/fifa-world-cup-2026-match-data-unofficial,matches.csv,97,97,4,Quarterfinals,4,W89 vs W90,,,,,,,,,,,2,Boston,USA,Gillette Stadium,East,BOS,2026-07-09 16:00:00-04
areezvisram12/fifa-world-cup-2026-match-data-unofficial,matches.csv,98,98,4,Quarterfinals,4,W93 vs W94,,,,,,,,,,,6,Los Angeles,USA,SoFi Stadium,West,LAX,2026-07-10 15:00:00-07
areezvisram12/fifa-world-cup-2026-match-data-unofficial,matches.csv,99,99,4,Quarterfinals,4,W91 vs W92,,,,,,,,,,,7,Miami,USA,Hard Rock Stadium,East,MIA,2026-07-11 17:00:00-04
areezvisram12/fifa-world-cup-2026-match-data-unofficial,matches.csv,100,100,4,Quarterfinals,4,W95 vs W100,,,,,,,,,,,5,Kansas City,USA,Arrowhead Stadium,Central,MCI,2026-07-11 21:00:00-05
areezvisram12/fifa-world-cup-2026-match-data-unofficial,matches.csv,101,101,5,Semifinals,5,W97 vs W98,,,,,,,,,,,3,Dallas,USA,AT&T Stadium,Central,DAL,2026-07-14 15:00:00-05
areezvisram12/fifa-world-cup-2026-match-data-unofficial,matches.csv,102,102,5,Semifinals,5,W99 vs W100,,,,,,,,,,,1,Atlanta,USA,Mercedes-Benz Stadium,East,ATL,2026-07-15 15:00:00-04
areezvisram12/fifa-world-cup-2026-match-data-unofficial,matches.csv,103,103,6,Third Place Playoff,6,RU101 vs RU102,,,,,,,,,,,7,Miami,USA,Hard Rock Stadium,East,MIA,2026-07-18 17:00:00-04
areezvisram12/fifa-world-cup-2026-match-data-unofficial,matches.csv,104,104,7,Final,7,W101 vs W102,,,,,,,,,,,8,New York/New Jersey,USA,MetLife Stadium,East,EWR,2026-07-19 15:00:00-04
